{
    "convergence": {
        "FV": {
            "outlet": {
                "$N_d$": [
                    "0",
                    "0",
                    "0",
                    "0",
                    "0"
                ],
                "$N_e^z$": [
                    4.0,
                    8.0,
                    16.0,
                    32.0,
                    64.0
                ],
                "$N_e^r$": [
                    3.0,
                    6.0,
                    12.0,
                    24.0,
                    48.0
                ],
                "$N_e^p$": [
                    3.0,
                    6.0,
                    12.0,
                    24.0,
                    48.0
                ],
                "Max. error": [
                    0.06426096118371169,
                    0.014550808939131145,
                    0.0036956628696087138,
                    0.0009025843769479708,
                    0.0002111266137384462
                ],
                "Max. EOC": [
                    0.0,
                    2.142843199394551,
                    1.9771943001624315,
                    2.033699443500237,
                    2.095953356553057
                ],
                "$L^1$ error": [
                    8.416306977416312,
                    3.0476745249558843,
                    0.9021404145199688,
                    0.23055856230631913,
                    0.055517631113197304
                ],
                "$L^1$ EOC": [
                    0.0,
                    1.4654784875432885,
                    1.756284933343641,
                    1.968218756184722,
                    2.0541153285845994
                ],
                "$L^2$ error": [
                    0.40477216017533657,
                    0.13628212719969537,
                    0.040074671902197864,
                    0.010198250338598702,
                    0.002445577049735039
                ],
                "$L^2$ EOC": [
                    0.0,
                    1.570513694868469,
                    1.7658337574889955,
                    1.9743690511984353,
                    2.0600748339615187
                ],
                "Sim. time": [
                    0.7938537,
                    6.4002888,
                    50.946084400000004,
                    296.5022576,
                    1293.1467750000002
                ],
                "Min. value": [
                    1.3232509926283652e-05,
                    -5.5065955172927825e-08,
                    -8.235701759139435e-08,
                    -6.207423550614277e-13,
                    -8.513526459676008e-30
                ],
                "DoF": [
                    27.0,
                    102.0,
                    396.0,
                    1560.0,
                    6192.0
                ],
                "Bulk DoF": [
                    12.0,
                    48.0,
                    192.0,
                    768.0,
                    3072.0
                ]
            }
        }
    }
}