{
    "convergence": {
        "FV": {
            "outlet": {
                "$N_d$": [
                    "0",
                    "0",
                    "0",
                    "0",
                    "0"
                ],
                "$N_e^z$": [
                    4.0,
                    8.0,
                    16.0,
                    32.0,
                    64.0
                ],
                "$N_e^r$": [
                    3.0,
                    6.0,
                    12.0,
                    24.0,
                    48.0
                ],
                "$N_e^p$": [
                    3.0,
                    6.0,
                    12.0,
                    24.0,
                    48.0
                ],
                "Max. error": [
                    0.013887450601467153,
                    0.00451716163000139,
                    0.0011638752467928379,
                    0.0002649451677728121,
                    5.452487544996276e-05
                ],
                "Max. EOC": [
                    0.0,
                    1.6202933385235923,
                    1.9564801089798816,
                    2.1351707072450448,
                    2.2807073404287537
                ],
                "$L^1$ error": [
                    6.659710045276801,
                    1.9435849481884515,
                    0.46759516455832345,
                    0.10707030762912874,
                    0.022734504618090984
                ],
                "$L^1$ EOC": [
                    0.0,
                    1.7767392008140477,
                    2.055388248842473,
                    2.126701558606687,
                    2.2356029789073166
                ],
                "$L^2$ error": [
                    0.24443997069851395,
                    0.073265052339814,
                    0.017640264576296524,
                    0.004091426040925478,
                    0.0008766352653867726
                ],
                "$L^2$ EOC": [
                    0.0,
                    1.738283115717671,
                    2.054252993148512,
                    2.1081965209667324,
                    2.222555151092076
                ],
                "Sim. time": [
                    0.2942501,
                    1.5615122000000001,
                    16.6185355,
                    98.1826681,
                    545.7016898
                ],
                "Min. value": [
                    6.425985015169773e-06,
                    -7.660789145776688e-08,
                    -4.7496920713881114e-08,
                    -8.863923723315147e-14,
                    -5.237533953977176e-30
                ],
                "DoF": [
                    27.0,
                    102.0,
                    396.0,
                    1560.0,
                    6192.0
                ],
                "Bulk DoF": [
                    12.0,
                    48.0,
                    192.0,
                    768.0,
                    3072.0
                ]
            }
        }
    }
}