{
    "convergence": {
        "FV": {
            "outlet": {
                "$N_d$": [
                    "0",
                    "0",
                    "0",
                    "0",
                    "0"
                ],
                "$N_e^z$": [
                    4.0,
                    8.0,
                    16.0,
                    32.0,
                    64.0
                ],
                "$N_e^r$": [
                    3.0,
                    6.0,
                    12.0,
                    24.0,
                    48.0
                ],
                "$N_e^p$": [
                    3.0,
                    6.0,
                    12.0,
                    24.0,
                    48.0
                ],
                "Max. error": [
                    0.048432405261058346,
                    0.012389165873172658,
                    0.003215189179083932,
                    0.000788910638146784,
                    0.0001849170757178345
                ],
                "Max. EOC": [
                    0.0,
                    1.9668935939163705,
                    1.9461035260979582,
                    2.026969830057494,
                    2.09298343880886
                ],
                "$L^1$ error": [
                    7.623223524592851,
                    2.811445199619137,
                    0.8315404102037008,
                    0.21234202579793168,
                    0.05113313241654456
                ],
                "$L^1$ EOC": [
                    0.0,
                    1.4390892524618988,
                    1.7574536456072134,
                    1.9693964442327354,
                    2.0540596179800676
                ],
                "$L^2$ error": [
                    0.3452978364054106,
                    0.12317610880454198,
                    0.03642763742748426,
                    0.009283803873599075,
                    0.0022295649972365337
                ],
                "$L^2$ EOC": [
                    0.0,
                    1.4871188359309906,
                    1.757617123595587,
                    1.972245479582337,
                    2.057953786801903
                ],
                "Sim. time": [
                    0.7938537,
                    6.4002888,
                    50.946084400000004,
                    296.5022576,
                    1293.1467750000002
                ],
                "Min. value": [
                    6.925941995599064e-06,
                    -5.518499253695633e-08,
                    -8.646991478369848e-08,
                    -4.583066643688864e-13,
                    -1.017390466580262e-29
                ],
                "DoF": [
                    27.0,
                    102.0,
                    396.0,
                    1560.0,
                    6192.0
                ],
                "Bulk DoF": [
                    12.0,
                    48.0,
                    192.0,
                    768.0,
                    3072.0
                ]
            }
        }
    }
}