{
    "convergence": {
        "FV": {
            "outlet": {
                "$N_d$": [
                    "0",
                    "0",
                    "0",
                    "0",
                    "0"
                ],
                "$N_e^z$": [
                    4.0,
                    8.0,
                    16.0,
                    32.0,
                    64.0
                ],
                "$N_e^r$": [
                    3.0,
                    6.0,
                    12.0,
                    24.0,
                    48.0
                ],
                "$N_e^p$": [
                    3.0,
                    6.0,
                    12.0,
                    24.0,
                    48.0
                ],
                "Max. error": [
                    0.019802645503838437,
                    0.008058133941007996,
                    0.002470302372682358,
                    0.0006442036826872985,
                    0.0001499731943533228
                ],
                "Max. EOC": [
                    0.0,
                    1.297175486751959,
                    1.7057581429590654,
                    1.9390988297317249,
                    2.1028122462691297
                ],
                "$L^1$ error": [
                    9.048649252373103,
                    3.3337559948417805,
                    0.9750003563015854,
                    0.25277256436768053,
                    0.05968673748130256
                ],
                "$L^1$ EOC": [
                    0.0,
                    1.4405539342222866,
                    1.7736738628784419,
                    1.9475628624618178,
                    2.082357581276825
                ],
                "$L^2$ error": [
                    0.3302672372808133,
                    0.12604786773380441,
                    0.03722648440384118,
                    0.009750324670661987,
                    0.002312891478552289
                ],
                "$L^2$ EOC": [
                    0.0,
                    1.3896621471490573,
                    1.7595704308648714,
                    1.9328072130549034,
                    2.0757526832160687
                ],
                "Sim. time": [
                    0.32153560000000003,
                    2.376385,
                    15.1439322,
                    110.87598100000001,
                    571.6005784
                ],
                "Min. value": [
                    6.4636204545565414e-06,
                    -7.39008955067817e-08,
                    -4.956517785099665e-08,
                    -1.7352879257908248e-13,
                    -7.320271912705976e-30
                ],
                "DoF": [
                    27.0,
                    102.0,
                    396.0,
                    1560.0,
                    6192.0
                ],
                "Bulk DoF": [
                    12.0,
                    48.0,
                    192.0,
                    768.0,
                    3072.0
                ]
            }
        }
    }
}