{
    "convergence": {
        "FV": {
            "outlet": {
                "$N_d$": [
                    "0",
                    "0",
                    "0",
                    "0",
                    "0"
                ],
                "$N_e^z$": [
                    4.0,
                    8.0,
                    16.0,
                    32.0,
                    64.0
                ],
                "$N_e^r$": [
                    3.0,
                    6.0,
                    12.0,
                    24.0,
                    48.0
                ],
                "$N_e^p$": [
                    3.0,
                    6.0,
                    12.0,
                    24.0,
                    48.0
                ],
                "Max. error": [
                    0.023978063344987782,
                    0.008534112604277388,
                    0.0026858535183564083,
                    0.0007022129378496667,
                    0.00016288768550202365
                ],
                "Max. EOC": [
                    0.0,
                    1.4904020886038867,
                    1.667860521555757,
                    1.9354001425437695,
                    2.10803103868168
                ],
                "$L^1$ error": [
                    10.814047159811862,
                    3.861688104970341,
                    1.1222146499201202,
                    0.29187465190837414,
                    0.0689854615586438
                ],
                "$L^1$ EOC": [
                    0.0,
                    1.4856030004278433,
                    1.7828829958997146,
                    1.9429278222977,
                    2.0809846680819613
                ],
                "$L^2$ error": [
                    0.3969039815113724,
                    0.14542594632751912,
                    0.04256267161048181,
                    0.011184034751157614,
                    0.0026518987804102965
                ],
                "$L^2$ EOC": [
                    0.0,
                    1.448505342474604,
                    1.7726240770980863,
                    1.9281479614168406,
                    2.0763431328043205
                ],
                "Sim. time": [
                    0.32153560000000003,
                    2.376385,
                    15.1439322,
                    110.87598100000001,
                    571.6005784
                ],
                "Min. value": [
                    6.4636204545565414e-06,
                    -7.39008955067817e-08,
                    -4.956517785099665e-08,
                    -1.7352879257908248e-13,
                    -7.320271912705976e-30
                ],
                "DoF": [
                    27.0,
                    102.0,
                    396.0,
                    1560.0,
                    6192.0
                ],
                "Bulk DoF": [
                    12.0,
                    48.0,
                    192.0,
                    768.0,
                    3072.0
                ]
            }
        }
    }
}