{
    "convergence": {
        "FV": {
            "outlet": {
                "$N_d$": [
                    "0",
                    "0",
                    "0",
                    "0",
                    "0"
                ],
                "$N_e^z$": [
                    4.0,
                    8.0,
                    16.0,
                    32.0,
                    64.0
                ],
                "$N_e^r$": [
                    3.0,
                    6.0,
                    12.0,
                    24.0,
                    48.0
                ],
                "$N_e^p$": [
                    3.0,
                    6.0,
                    12.0,
                    24.0,
                    48.0
                ],
                "Max. error": [
                    1.3183406882496924,
                    0.7446922717586644,
                    0.25535798706766566,
                    0.05929828241698987,
                    0.011169730402865063
                ],
                "Max. EOC": [
                    0.0,
                    0.824006951888081,
                    1.544123201416281,
                    2.106458961635343,
                    2.4083959527437555
                ],
                "$L^1$ error": [
                    20.583662118092803,
                    9.772865082202493,
                    3.011911307095146,
                    0.7207305466977513,
                    0.14137591223401202
                ],
                "$L^1$ EOC": [
                    0.0,
                    1.0746462004717425,
                    1.6981022878362104,
                    2.0631473895941452,
                    2.3499236590401242
                ],
                "$L^2$ error": [
                    3.811171741703088,
                    1.99975591790475,
                    0.6543625230840056,
                    0.1570375238633071,
                    0.03088052596694892
                ],
                "$L^2$ EOC": [
                    0.0,
                    0.9304107001129686,
                    1.6116618920987464,
                    2.058980794064484,
                    2.346340099596195
                ],
                "Sim. time": [
                    0.20519110000000002,
                    1.1889877,
                    7.7068658,
                    53.2532992,
                    346.87878470000004
                ],
                "Min. value": [
                    -8.073396026471392e-08,
                    -8.04519810716711e-08,
                    -1.1929472262120897e-07,
                    -9.818048676038892e-11,
                    -1.7769584545412856e-10
                ],
                "DoF": [
                    27.0,
                    102.0,
                    396.0,
                    1560.0,
                    6192.0
                ],
                "Bulk DoF": [
                    12.0,
                    48.0,
                    192.0,
                    768.0,
                    3072.0
                ]
            }
        }
    }
}