{
    "convergence": {
        "FV": {
            "outlet": {
                "$N_d$": [
                    "0",
                    "0",
                    "0",
                    "0",
                    "0"
                ],
                "$N_e^z$": [
                    4.0,
                    8.0,
                    16.0,
                    32.0,
                    64.0
                ],
                "$N_e^r$": [
                    3.0,
                    6.0,
                    12.0,
                    24.0,
                    48.0
                ],
                "$N_e^p$": [
                    3.0,
                    6.0,
                    12.0,
                    24.0,
                    48.0
                ],
                "Max. error": [
                    0.01663424285220516,
                    0.0045249724845055385,
                    0.0011218774035057985,
                    0.0002596020860101758,
                    5.570906574005503e-05
                ],
                "Max. EOC": [
                    0.0,
                    1.878175275379344,
                    2.0119939897059305,
                    2.1115411486154025,
                    2.2203179492108323
                ],
                "$L^1$ error": [
                    7.119152229327153,
                    2.0361224878902604,
                    0.4848252519845512,
                    0.11068006994874056,
                    0.023304585658126584
                ],
                "$L^1$ EOC": [
                    0.0,
                    1.8058810979851756,
                    2.070287604607117,
                    2.1310693822961007,
                    2.247709692884895
                ],
                "$L^2$ error": [
                    0.2635754496284092,
                    0.07672787127662367,
                    0.018209674444953926,
                    0.004213350013673169,
                    0.0008929356646540764
                ],
                "$L^2$ EOC": [
                    0.0,
                    1.78039336405142,
                    2.075045599754309,
                    2.111665455518682,
                    2.2383396301087957
                ],
                "Sim. time": [
                    0.2942501,
                    1.5615122000000001,
                    16.6185355,
                    98.1826681,
                    545.7016898
                ],
                "Min. value": [
                    1.2278751243797537e-05,
                    -4.672709597724149e-08,
                    -5.005880645064924e-08,
                    -1.4532276138622383e-13,
                    -4.9146918722335385e-30
                ],
                "DoF": [
                    27.0,
                    102.0,
                    396.0,
                    1560.0,
                    6192.0
                ],
                "Bulk DoF": [
                    12.0,
                    48.0,
                    192.0,
                    768.0,
                    3072.0
                ]
            }
        }
    }
}