{
    "convergence": {
        "FV": {
            "outlet": {
                "$N_d$": [
                    "0",
                    "0",
                    "0",
                    "0",
                    "0"
                ],
                "$N_e^z$": [
                    4.0,
                    8.0,
                    16.0,
                    32.0,
                    64.0
                ],
                "$N_e^r$": [
                    3.0,
                    6.0,
                    12.0,
                    24.0,
                    48.0
                ],
                "$N_e^p$": [
                    3.0,
                    6.0,
                    12.0,
                    24.0,
                    48.0
                ],
                "Max. error": [
                    0.07944706877729951,
                    0.016595543439436124,
                    0.004145875146677393,
                    0.001008970598775338,
                    0.0002357318861354006
                ],
                "Max. EOC": [
                    0.0,
                    2.2591981190672668,
                    2.0010472974842823,
                    2.038792535059914,
                    2.097665312979573
                ],
                "$L^1$ error": [
                    9.26338207025761,
                    3.282801643814524,
                    0.9709187107889358,
                    0.24816194252913615,
                    0.05973792504647665
                ],
                "$L^1$ EOC": [
                    0.0,
                    1.4966114382785223,
                    1.757505163224002,
                    1.968068628014104,
                    2.054562851802566
                ],
                "$L^2$ error": [
                    0.47258945180196804,
                    0.149878318325099,
                    0.043752129653769956,
                    0.011109797289287356,
                    0.0026595923358006188
                ],
                "$L^2$ EOC": [
                    0.0,
                    1.6567957332678669,
                    1.7763665478757311,
                    1.9775207490791278,
                    2.0625554629115554
                ],
                "Sim. time": [
                    0.7938537,
                    6.4002888,
                    50.946084400000004,
                    296.5022576,
                    1293.1467750000002
                ],
                "Min. value": [
                    1.9515339475688254e-05,
                    -6.685163304654136e-08,
                    -6.97627595045881e-08,
                    -7.434108865892484e-13,
                    -4.660033081050913e-30
                ],
                "DoF": [
                    27.0,
                    102.0,
                    396.0,
                    1560.0,
                    6192.0
                ],
                "Bulk DoF": [
                    12.0,
                    48.0,
                    192.0,
                    768.0,
                    3072.0
                ]
            }
        }
    }
}