{
    "convergence": {
        "FV": {
            "outlet": {
                "$N_d$": [
                    "0",
                    "0",
                    "0",
                    "0",
                    "0"
                ],
                "$N_e^z$": [
                    4.0,
                    8.0,
                    16.0,
                    32.0,
                    64.0
                ],
                "$N_e^r$": [
                    3.0,
                    6.0,
                    12.0,
                    24.0,
                    48.0
                ],
                "$N_e^p$": [
                    3.0,
                    6.0,
                    12.0,
                    24.0,
                    48.0
                ],
                "Max. error": [
                    0.020489141773075325,
                    0.0052817880230150525,
                    0.0012485772319056777,
                    0.00029856496060899455,
                    6.40210223246656e-05
                ],
                "Max. EOC": [
                    0.0,
                    1.955761248287518,
                    2.0807413389016225,
                    2.0641682965083974,
                    2.2214272416806007
                ],
                "$L^1$ error": [
                    7.56302806124098,
                    2.1085332879863565,
                    0.49735578352339327,
                    0.11340764482274746,
                    0.023732707011295432
                ],
                "$L^1$ EOC": [
                    0.0,
                    1.8427241737709013,
                    2.0838896397237616,
                    2.1327603573764864,
                    2.256569323404611
                ],
                "$L^2$ error": [
                    0.28833488842848604,
                    0.08034424747282813,
                    0.018791072613454578,
                    0.004349400185482607,
                    0.0009152367525351335
                ],
                "$L^2$ EOC": [
                    0.0,
                    1.8434787751118566,
                    2.0961473132025787,
                    2.1111590581481074,
                    2.2485995646332353
                ],
                "Sim. time": [
                    0.2843435,
                    1.8793927000000001,
                    13.294596400000001,
                    106.30180920000001,
                    557.2516007
                ],
                "Min. value": [
                    6.4636344247843345e-06,
                    -7.389997002222828e-08,
                    -5.0603377455101556e-08,
                    -1.7508100253897522e-13,
                    -7.369270994765835e-30
                ],
                "DoF": [
                    27.0,
                    102.0,
                    396.0,
                    1560.0,
                    6192.0
                ],
                "Bulk DoF": [
                    12.0,
                    48.0,
                    192.0,
                    768.0,
                    3072.0
                ]
            }
        }
    }
}